{"stats":{"minecraft:mined":{"minecraft:tuff":5,"minecraft:mossy_cobblestone":4,"minecraft:acacia_log":6,"minecraft:grass_block":1,"minecraft:jungle_log":8,"minecraft:chiseled_stone_bricks":1,"minecraft:spawner":7,"iter_rpg:small_vase":1,"minecraft:iron_ore":25,"minecraft:cobbled_deepslate":7,"minecraft:stripped_spruce_log":11,"minecraft:deepslate_lapis_ore":6,"minecraft:gold_block":10,"minecraft:bookshelf":4,"minecraft:iron_bars":6,"minecraft:stone":38,"minecraft:white_wool":2,"minecraft:tripwire":2,"lootr:lootr_chest":1,"minecraft:stone_brick_slab":1,"minecraft:crafting_table":5,"minecraft:torch":1,"atmospheric:rosewood_leaves":2,"iter_rpg:vase":1,"minecraft:cobblestone":2,"minecraft:deepslate_gold_ore":5,"minecraft:lapis_ore":11,"forbidden_arcanus:xpetrified_ore":2,"iter_rpg:abyss_quartz":1,"minecraft:stone_brick_stairs":1,"minecraft:infested_mossy_stone_bricks":1,"minecraft:grass":3,"ars_nouveau:mage_block":4,"minecraft:coal_ore":15,"minecraft:cobweb":2,"structure_gel:dynamic_spawner":1,"minecraft:cracked_stone_bricks":1,"twigs:rhyolite":2,"minecraft:acacia_planks":1,"minecraft:polished_andesite":1,"minecraft:stone_bricks":5,"minecraft:netherrack":1,"minecraft:mossy_stone_bricks":1,"minecraft:gold_ore":2,"minecraft:oak_leaves":3,"minecraft:deepslate":26},"minecraft:used":{"minecraft:iron_bars":7,"minecraft:stone_sword":93,"minecraft:iron_shovel":43,"minecraft:chest":1,"minecraft:iron_sword":187,"minecraft:torch":2,"minecraft:tuff":4,"minecraft:stripped_spruce_log":3,"minecraft:stone_brick_slab":1,"minecraft:wooden_axe":33,"minecraft:lantern":1,"minecraft:iron_axe":15,"minecraft:stone_brick_stairs":1,"minecraft:stone_bricks":2,"minecraft:golden_carrot":3,"minecraft:bow":2,"minecraft:acacia_planks":4,"minecraft:cobbled_deepslate":27,"minecraft:enchanted_golden_apple":1,"minecraft:polished_andesite":1,"minecraft:stone_pickaxe":1,"minecraft:wooden_pickaxe":26,"minecraft:cracked_stone_bricks":1,"minecraft:white_wool":3,"minecraft:golden_apple":13,"minecraft:crafting_table":7,"minecraft:iron_pickaxe":205,"forbidden_arcanus:aureal_bottle":2,"minecraft:stone_axe":6,"minecraft:chiseled_stone_bricks":1,"minecraft:fishing_rod":12,"minecraft:cobblestone":32,"forbidden_arcanus:splash_aureal_bottle":1,"alexsmobs:animal_dictionary":1},"minecraft:killed":{"minecraft:spider":9,"minecraft:skeleton":1,"enemyexpansion:scorpion":1,"minecraft:rabbit":1,"majruszsdifficulty:cursed_armor":7,"minecraft:sheep":3,"minecraft:zombie":5,"enemyexpansion:botfly":6},"minecraft:picked_up":{"iter_rpg:spawner_fragment":2,"sophisticatedbackpacks:gold_backpack":1,"minecraft:crafting_table":5,"minecraft:iron_chestplate":2,"minecraft:chainmail_boots":2,"minecraft:gold_block":8,"minecraft:stone_brick_stairs":1,"forbidden_arcanus:xpetrified_orb":2,"minecraft:string":13,"minecraft:iron_shovel":1,"minecraft:cracked_stone_bricks":1,"minecraft:cobbled_deepslate":28,"minecraft:redstone_torch":3,"minecraft:chest":1,"minecraft:iron_boots":1,"relics:magma_walker":1,"minecraft:raw_iron":25,"apotheosis:gem":7,"minecraft:torch":1,"minecraft:acacia_log":6,"majruszsaccessories:adventurer_kit":2,"minecraft:stone_sword":1,"minecraft:arrow":3,"minecraft:rotten_flesh":9,"aether:chainmail_gloves":1,"ringsofascension:ring_night_vision":1,"minecraft:gold_ingot":11,"minecraft:cobblestone":40,"forbidden_arcanus:spawner_scrap":7,"minecraft:mutton":4,"minecraft:iron_bars":8,"minecraft:white_wool":3,"minecraft:leather_chestplate":1,"minecraft:salmon":1,"minecraft:jungle_log":8,"minecraft:tuff":4,"minecraft:gunpowder":2,"minecraft:lapis_lazuli":105,"minecraft:dirt":1,"minecraft:lantern":1,"minecraft:bone":2,"minecraft:acacia_planks":1,"minecraft:apple":4,"minecraft:stone_bricks":2,"minecraft:raw_gold":7,"iter_rpg:potsherd":2,"minecraft:iron_ingot":1,"minecraft:mossy_stone_bricks":1,"twigs:twig":2,"aquaculture:atlantic_herring":2,"minecraft:book":6,"minecraft:chiseled_stone_bricks":1,"minecraft:stone_brick_slab":1,"minecraft:amethyst_shard":2,"aquaculture:red_grouper":1,"undead_unleashed:grave_metal_scrap":1,"minecraft:stripped_spruce_log":11,"minecraft:spider_eye":1,"minecraft:mossy_cobblestone":4,"minecraft:polished_andesite":1,"minecraft:golden_apple":7,"minecraft:chainmail_helmet":1,"minecraft:oak_sapling":2,"minecraft:coal":14},"minecraft:killed_by":{"minecraft:skeleton":2,"majruszsdifficulty:cursed_armor":4},"minecraft:broken":{"minecraft:stone_sword":1,"minecraft:iron_boots":1,"minecraft:iron_chestplate":1,"minecraft:golden_leggings":1,"minecraft:wooden_axe":1},"minecraft:dropped":{"minecraft:mossy_cobblestone":3,"minecraft:glass_bottle":2,"majruszsaccessories:adventurer_kit":2,"minecraft:jungle_planks":16,"aquaculture:red_grouper":1,"minecraft:golden_apple":1,"sophisticatedbackpacks:gold_backpack":1,"minecraft:golden_carrot":2,"minecraft:mutton":4,"minecraft:wooden_axe":1,"aquaculture:atlantic_herring":1,"forbidden_arcanus:spawner_scrap":2,"minecraft:string":2,"minecraft:acacia_planks":20,"twigs:twig":2,"minecraft:gold_ingot":11,"minecraft:salmon":1,"aether:chainmail_gloves":2,"minecraft:iron_chestplate":2,"apotheosis:gem":3,"minecraft:oak_sapling":1,"minecraft:chainmail_boots":1,"minecraft:redstone_torch":3,"minecraft:arrow":1,"minecraft:wooden_pickaxe":1},"minecraft:crafted":{"forbidden_arcanus:rotten_leather":6,"minecraft:iron_axe":1,"minecraft:stone_pickaxe":1,"minecraft:chest":1,"sophisticatedbackpacks:iron_backpack":1,"sophisticatedbackpacks:backpack":1,"minecraft:crafting_table":4,"minecraft:spruce_planks":32,"minecraft:wooden_pickaxe":2,"sophisticatedbackpacks:gold_backpack":1,"minecraft:jungle_planks":32,"minecraft:golden_apple":8,"minecraft:diamond_pickaxe":1,"minecraft:gold_nugget":45,"minecraft:stick":20,"minecraft:wooden_axe":2,"minecraft:gold_ingot":72,"minecraft:acacia_planks":24,"minecraft:golden_carrot":7},"minecraft:custom":{"enigmaticlegacy:play_time_with_seven_curses":0,"lootr:looted_stat":57,"minecraft:mob_kills":31,"minecraft:interact_with_crafting_table":25,"minecraft:open_barrel":6,"minecraft:bell_ring":5,"minecraft:damage_dealt_resisted":1397,"minecraft:leave_game":1,"minecraft:time_since_death":5448,"minecraft:climb_one_cm":2872,"minecraft:damage_resisted":147,"minecraft:sprint_one_cm":231684,"minecraft:walk_one_cm":336877,"minecraft:drop":40,"minecraft:damage_dealt_absorbed":75,"minecraft:talked_to_villager":4,"minecraft:play_time":95133,"minecraft:deaths":8,"minecraft:sneak_time":5552,"minecraft:walk_under_water_one_cm":15665,"minecraft:jump":1238,"minecraft:walk_on_water_one_cm":20465,"minecraft:total_world_time":95133,"minecraft:interact_with_furnace":1,"enigmaticlegacy:play_time_without_seven_curses":94634,"minecraft:time_since_rest":5569,"minecraft:waystone_activated":2,"minecraft:damage_taken":5700,"minecraft:damage_absorbed":446,"minecraft:damage_dealt":17164,"minecraft:fly_one_cm":164069,"minecraft:swim_one_cm":78017,"minecraft:open_chest":3,"minecraft:crouch_one_cm":26934,"minecraft:fish_caught":4,"minecraft:fall_one_cm":37249,"minecraft:horse_one_cm":212}},"DataVersion":3120}