{"stats":{"minecraft:mined":{"minecraft:grass":2,"minecraft:jungle_leaves":1,"minecraft:fern":1},"minecraft:picked_up":{"minecraft:mutton":4,"minecraft:white_wool":2},"minecraft:custom":{"minecraft:time_since_rest":35350,"enigmaticlegacy:play_time_with_seven_curses":0,"minecraft:play_time":35350,"lootr:looted_stat":2,"minecraft:sprint_one_cm":5250,"minecraft:walk_one_cm":3788,"minecraft:sneak_time":4156,"minecraft:walk_under_water_one_cm":39087,"minecraft:mob_kills":2,"minecraft:jump":69,"minecraft:damage_dealt":238,"minecraft:leave_game":1,"minecraft:time_since_death":35350,"minecraft:walk_on_water_one_cm":6431,"minecraft:total_world_time":35350,"enigmaticlegacy:play_time_without_seven_curses":35350,"minecraft:climb_one_cm":260,"minecraft:fly_one_cm":680793,"minecraft:fall_one_cm":15048},"minecraft:killed":{"minecraft:sheep":2}},"DataVersion":3120}